Date,BlocksFound
2025-09-02 00:00:00,2
2025-09-03 00:00:00,3
2025-09-04 00:00:00,2
2025-09-05 00:00:00,1
2025-09-06 00:00:00,4
2025-09-07 00:00:00,3
2025-09-10 00:00:00,2
2025-09-11 00:00:00,1
2025-09-12 00:00:00,2
2025-09-13 00:00:00,3
2025-09-14 00:00:00,1
2025-09-15 00:00:00,1
2025-09-16 00:00:00,5
2025-09-17 00:00:00,1
2025-09-18 00:00:00,3
2025-09-20 00:00:00,2
2025-09-21 00:00:00,1
2025-09-22 00:00:00,3
2025-09-24 00:00:00,1
2025-09-26 00:00:00,2
2025-09-27 00:00:00,3
2025-09-28 00:00:00,1
2025-09-30 00:00:00,3
2025-10-01 00:00:00,2
2025-10-02 00:00:00,1
2025-10-04 00:00:00,2
2025-10-05 00:00:00,4
2025-10-06 00:00:00,2
2025-10-07 00:00:00,3
2025-10-08 00:00:00,2
